[{"cpu": "1vCPU", "memory": "1GB Memory", "storage": "25GB Storage", "bandwidth": "2.00TB Bandwidth", "price": "$6.00 /mo", "machine_type": "High Performance"}, {"cpu": "1vCPU", "memory": "2GB Memory", "storage": "50GB Storage", "bandwidth": "3.00TB Bandwidth", "price": "$12.00 /mo", "machine_type": "High Performance"}, {"cpu": "2vCPU", "memory": "2GB Memory", "storage": "60GB Storage", "bandwidth": "4.00TB Bandwidth", "price": "$18.00 /mo", "machine_type": "High Performance"}, {"cpu": "2vCPU", "memory": "4GB Memory", "storage": "100GB Storage", "bandwidth": "5.00TB Bandwidth", "price": "$24.00 /mo", "machine_type": "High Performance"}, {"cpu": "4vCPU", "memory": "8GB Memory", "storage": "180GB Storage", "bandwidth": "6.00TB Bandwidth", "price": "$48.00 /mo", "machine_type": "High Performance"}, {"cpu": "4vCPU", "memory": "12GB Memory", "storage": "260GB Storage", "bandwidth": "7.00TB Bandwidth", "price": "$72.00 /mo", "machine_type": "High Performance"}, {"cpu": "8vCPU", "memory": "16GB Memory", "storage": "350GB Storage", "bandwidth": "8.00TB Bandwidth", "price": "$96.00 /mo", "machine_type": "High Performance"}, {"cpu": "12vCPU", "memory": "24GB Memory", "storage": "500GB Storage", "bandwidth": "12.00TB Bandwidth", "price": "$144.00 /mo", "machine_type": "High Performance"}, {"cpu": "1vCPU", "memory": "1GB Memory", "storage": "25GB Storage", "bandwidth": "2.00TB Bandwidth", "price": "$6.00 /mo", "machine_type": "High Performance"}, {"cpu": "1vCPU", "memory": "2GB Memory", "storage": "50GB Storage", "bandwidth": "3.00TB Bandwidth", "price": "$12.00 /mo", "machine_type": "High Performance"}, {"cpu": "2vCPU", "memory": "2GB Memory", "storage": "60GB Storage", "bandwidth": "4.00TB Bandwidth", "price": "$18.00 /mo", "machine_type": "High Performance"}, {"cpu": "2vCPU", "memory": "4GB Memory", "storage": "100GB Storage", "bandwidth": "5.00TB Bandwidth", "price": "$24.00 /mo", "machine_type": "High Performance"}, {"cpu": "4vCPU", "memory": "8GB Memory", "storage": "180GB Storage", "bandwidth": "6.00TB Bandwidth", "price": "$48.00 /mo", "machine_type": "High Performance"}, {"cpu": "4vCPU", "memory": "12GB Memory", "storage": "260GB Storage", "bandwidth": "7.00TB Bandwidth", "price": "$72.00 /mo", "machine_type": "High Performance"}, {"cpu": "8vCPU", "memory": "16GB Memory", "storage": "350GB Storage", "bandwidth": "8.00TB Bandwidth", "price": "$96.00 /mo", "machine_type": "High Performance"}, {"cpu": "12vCPU", "memory": "24GB Memory", "storage": "500GB Storage", "bandwidth": "12.00TB Bandwidth", "price": "$144.00 /mo", "machine_type": "High Performance"}, {"cpu": "1vCPU", "memory": "1GB Memory", "storage": "32GB Storage", "bandwidth": "1.00TB Bandwidth", "price": "$6 /mo", "machine_type": "High Frequency"}, {"cpu": "1vCPU", "memory": "2GB Memory", "storage": "64GB Storage", "bandwidth": "2.00TB Bandwidth", "price": "$12 /mo", "machine_type": "High Frequency"}, {"cpu": "2vCPU", "memory": "2GB Memory", "storage": "80GB Storage", "bandwidth": "3.00TB Bandwidth", "price": "$18 /mo", "machine_type": "High Frequency"}, {"cpu": "2vCPU", "memory": "4GB Memory", "storage": "128GB Storage", "bandwidth": "3.00TB Bandwidth", "price": "$24 /mo", "machine_type": "High Frequency"}, {"cpu": "3vCPU", "memory": "8GB Memory", "storage": "256GB Storage", "bandwidth": "4.00TB Bandwidth", "price": "$48 /mo", "machine_type": "High Frequency"}, {"cpu": "4vCPU", "memory": "16GB Memory", "storage": "384GB Storage", "bandwidth": "5.00TB Bandwidth", "price": "$96 /mo", "machine_type": "High Frequency"}, {"cpu": "6vCPU", "memory": "24GB Memory", "storage": "448GB Storage", "bandwidth": "6.00TB Bandwidth", "price": "$144 /mo", "machine_type": "High Frequency"}, {"cpu": "8vCPU", "memory": "32GB Memory", "storage": "512GB Storage", "bandwidth": "7.00TB Bandwidth", "price": "$192 /mo", "machine_type": "High Frequency"}, {"cpu": "12vCPU", "memory": "48GB Memory", "storage": "768GB Storage", "bandwidth": "8.00TB Bandwidth", "price": "$256 /mo", "machine_type": "High Frequency"}, {"cpu": "1vCPU", "memory": "0.5GB Memory", "storage": "10GB Storage", "bandwidth": "0.50TB Bandwidth", "price": "$2.50 /mo", "machine_type": "Regular Performance"}, {"cpu": "1vCPU", "memory": "0.5GB Memory", "storage": "10GB Storage", "bandwidth": "0.50TB Bandwidth", "price": "$3.50 /mo", "machine_type": "Regular Performance"}, {"cpu": "1vCPU", "memory": "1GB Memory", "storage": "25GB Storage", "bandwidth": "1.00TB Bandwidth", "price": "$5 /mo", "machine_type": "Regular Performance"}, {"cpu": "1vCPU", "memory": "2GB Memory", "storage": "55GB Storage", "bandwidth": "2.00TB Bandwidth", "price": "$10 /mo", "machine_type": "Regular Performance"}, {"cpu": "2vCPU", "memory": "4GB Memory", "storage": "80GB Storage", "bandwidth": "3.00TB Bandwidth", "price": "$20 /mo", "machine_type": "Regular Performance"}, {"cpu": "4vCPU", "memory": "8GB Memory", "storage": "160GB Storage", "bandwidth": "4.00TB Bandwidth", "price": "$40 /mo", "machine_type": "Regular Performance"}, {"cpu": "6vCPU", "memory": "16GB Memory", "storage": "320GB Storage", "bandwidth": "5.00TB Bandwidth", "price": "$80 /mo", "machine_type": "Regular Performance"}, {"cpu": "8vCPU", "memory": "32GB Memory", "storage": "640GB Storage", "bandwidth": "6.00TB Bandwidth", "price": "$160 /mo", "machine_type": "Regular Performance"}, {"cpu": "16vCPU", "memory": "64GB Memory", "storage": "1280GB Storage", "bandwidth": "10.00TB Bandwidth", "price": "$320 /mo", "machine_type": "Regular Performance"}, {"cpu": "24vCPU", "memory": "96GB Memory", "storage": "1600GB Storage", "bandwidth": "15.00TB Bandwidth", "price": "$640 /mo", "machine_type": "Regular Performance"}, {"cpu": "1vCPU", "memory": "4GB Memory", "storage": "30GB Storage", "bandwidth": "4.00TB Bandwidth", "price": "$30.00 /mo", "machine_type": "General Purpose"}, {"cpu": "2vCPU", "memory": "8GB Memory", "storage": "50GB Storage", "bandwidth": "5.00TB Bandwidth", "price": "$60.00 /mo", "machine_type": "General Purpose"}, {"cpu": "4vCPU", "memory": "16GB Memory", "storage": "80GB Storage", "bandwidth": "6.00TB Bandwidth", "price": "$120.00 /mo", "machine_type": "General Purpose"}, {"cpu": "8vCPU", "memory": "32GB Memory", "storage": "160GB Storage", "bandwidth": "7.00TB Bandwidth", "price": "$240.00 /mo", "machine_type": "General Purpose"}, {"cpu": "16vCPU", "memory": "64GB Memory", "storage": "320GB Storage", "bandwidth": "8.00TB Bandwidth", "price": "$480.00 /mo", "machine_type": "General Purpose"}, {"cpu": "24vCPU", "memory": "96GB Memory", "storage": "480GB Storage", "bandwidth": "9.00TB Bandwidth", "price": "$720.00 /mo", "machine_type": "General Purpose"}, {"cpu": "32vCPU", "memory": "128GB Memory", "storage": "640GB Storage", "bandwidth": "9.00TB Bandwidth", "price": "$960.00 /mo", "machine_type": "General Purpose"}, {"cpu": "40vCPU", "memory": "160GB Memory", "storage": "768GB Storage", "bandwidth": "10.00TB Bandwidth", "price": "$1,200.00 /mo", "machine_type": "General Purpose"}, {"cpu": "64vCPU", "memory": "192GB Memory", "storage": "960GB Storage", "bandwidth": "11.00TB Bandwidth", "price": "$1,920.00 /mo", "machine_type": "General Purpose"}, {"cpu": "96vCPU", "memory": "255GB Memory", "storage": "1280GB Storage", "bandwidth": "12.00TB Bandwidth", "price": "$3,840.00 /mo", "machine_type": "General Purpose"}, {"cpu": "1vCPU", "memory": "2GB Memory", "storage": "25GB Storage", "bandwidth": "4.00TB Bandwidth", "price": "$28.00 /mo", "machine_type": "CPU Optimized"}, {"cpu": "2vCPU", "memory": "4GB Memory", "storage": "50GB Storage", "bandwidth": "5.00TB Bandwidth", "price": "$40.00 /mo", "machine_type": "CPU Optimized"}, {"cpu": "2vCPU", "memory": "4GB Memory", "storage": "75GB Storage", "bandwidth": "5.00TB Bandwidth", "price": "$45.00 /mo", "machine_type": "CPU Optimized"}, {"cpu": "4vCPU", "memory": "8GB Memory", "storage": "75GB Storage", "bandwidth": "6.00TB Bandwidth", "price": "$80.00 /mo", "machine_type": "CPU Optimized"}, {"cpu": "4vCPU", "memory": "8GB Memory", "storage": "150GB Storage", "bandwidth": "6.00TB Bandwidth", "price": "$90.00 /mo", "machine_type": "CPU Optimized"}, {"cpu": "8vCPU", "memory": "16GB Memory", "storage": "150GB Storage", "bandwidth": "7.00TB Bandwidth", "price": "$160.00 /mo", "machine_type": "CPU Optimized"}, {"cpu": "8vCPU", "memory": "16GB Memory", "storage": "300GB Storage", "bandwidth": "7.00TB Bandwidth", "price": "$180.00 /mo", "machine_type": "CPU Optimized"}, {"cpu": "16vCPU", "memory": "32GB Memory", "storage": "300GB Storage", "bandwidth": "8.00TB Bandwidth", "price": "$320.00 /mo", "machine_type": "CPU Optimized"}, {"cpu": "16vCPU", "memory": "32GB Memory", "storage": "500GB Storage", "bandwidth": "8.00TB Bandwidth", "price": "$360.00 /mo", "machine_type": "CPU Optimized"}, {"cpu": "32vCPU", "memory": "64GB Memory", "storage": "500GB Storage", "bandwidth": "9.00TB Bandwidth", "price": "$640.00 /mo", "machine_type": "CPU Optimized"}, {"cpu": "32vCPU", "memory": "64GB Memory", "storage": "1000GB Storage", "bandwidth": "10.00TB Bandwidth", "price": "$720.00 /mo", "machine_type": "CPU Optimized"}, {"cpu": "1vCPU", "memory": "8GB Memory", "storage": "50GB Storage", "bandwidth": "5.00TB Bandwidth", "price": "$40.00 /mo", "machine_type": "Memory Optimized"}, {"cpu": "2vCPU", "memory": "16GB Memory", "storage": "100GB Storage", "bandwidth": "6.00TB Bandwidth", "price": "$80.00 /mo", "machine_type": "Memory Optimized"}, {"cpu": "2vCPU", "memory": "16GB Memory", "storage": "200GB Storage", "bandwidth": "6.00TB Bandwidth", "price": "$100.00 /mo", "machine_type": "Memory Optimized"}, {"cpu": "2vCPU", "memory": "16GB Memory", "storage": "400GB Storage", "bandwidth": "6.00TB Bandwidth", "price": "$125.00 /mo", "machine_type": "Memory Optimized"}, {"cpu": "4vCPU", "memory": "32GB Memory", "storage": "200GB Storage", "bandwidth": "8.00TB Bandwidth", "price": "$160.00 /mo", "machine_type": "Memory Optimized"}, {"cpu": "4vCPU", "memory": "32GB Memory", "storage": "400GB Storage", "bandwidth": "8.00TB Bandwidth", "price": "$195.00 /mo", "machine_type": "Memory Optimized"}, {"cpu": "4vCPU", "memory": "32GB Memory", "storage": "800GB Storage", "bandwidth": "8.00TB Bandwidth", "price": "$250.00 /mo", "machine_type": "Memory Optimized"}, {"cpu": "8vCPU", "memory": "64GB Memory", "storage": "400GB Storage", "bandwidth": "9.00TB Bandwidth", "price": "$320.00 /mo", "machine_type": "Memory Optimized"}, {"cpu": "8vCPU", "memory": "64GB Memory", "storage": "800GB Storage", "bandwidth": "9.00TB Bandwidth", "price": "$390.00 /mo", "machine_type": "Memory Optimized"}, {"cpu": "8vCPU", "memory": "64GB Memory", "storage": "1600GB Storage", "bandwidth": "9.00TB Bandwidth", "price": "$500.00 /mo", "machine_type": "Memory Optimized"}, {"cpu": "16vCPU", "memory": "128GB Memory", "storage": "800GB Storage", "bandwidth": "10.00TB Bandwidth", "price": "$640.00 /mo", "machine_type": "Memory Optimized"}, {"cpu": "16vCPU", "memory": "128GB Memory", "storage": "1600GB Storage", "bandwidth": "10.00TB Bandwidth", "price": "$785.00 /mo", "machine_type": "Memory Optimized"}, {"cpu": "16vCPU", "memory": "128GB Memory", "storage": "3200GB Storage", "bandwidth": "10.00TB Bandwidth", "price": "$1,000.00 /mo", "machine_type": "Memory Optimized"}, {"cpu": "24vCPU", "memory": "192GB Memory", "storage": "1200GB Storage", "bandwidth": "11.00TB Bandwidth", "price": "$960.00 /mo", "machine_type": "Memory Optimized"}, {"cpu": "24vCPU", "memory": "192GB Memory", "storage": "2400GB Storage", "bandwidth": "11.00TB Bandwidth", "price": "$1,175.00 /mo", "machine_type": "Memory Optimized"}, {"cpu": "24vCPU", "memory": "192GB Memory", "storage": "4800GB Storage", "bandwidth": "11.00TB Bandwidth", "price": "$1,500.00 /mo", "machine_type": "Memory Optimized"}, {"cpu": "32vCPU", "memory": "256GB Memory", "storage": "1600GB Storage", "bandwidth": "12.00TB Bandwidth", "price": "$1,280.00 /mo", "machine_type": "Memory Optimized"}, {"cpu": "32vCPU", "memory": "256GB Memory", "storage": "3200GB Storage", "bandwidth": "12.00TB Bandwidth", "price": "$1,565.00 /mo", "machine_type": "Memory Optimized"}, {"cpu": "32vCPU", "memory": "256GB Memory", "storage": "6400GB Storage", "bandwidth": "12.00TB Bandwidth", "price": "$2,000.00 /mo", "machine_type": "Memory Optimized"}, {"cpu": "1vCPU", "memory": "8GB Memory", "storage": "150GB Storage", "bandwidth": "4.00TB Bandwidth", "price": "$75.00 /mo", "machine_type": "Storage Optimized"}, {"cpu": "2vCPU", "memory": "16GB Memory", "storage": "320GB Storage", "bandwidth": "6.00TB Bandwidth", "price": "$125.00 /mo", "machine_type": "Storage Optimized"}, {"cpu": "2vCPU", "memory": "16GB Memory", "storage": "480GB Storage", "bandwidth": "6.00TB Bandwidth", "price": "$155.00 /mo", "machine_type": "Storage Optimized"}, {"cpu": "4vCPU", "memory": "32GB Memory", "storage": "640GB Storage", "bandwidth": "7.00TB Bandwidth", "price": "$250.00 /mo", "machine_type": "Storage Optimized"}, {"cpu": "4vCPU", "memory": "32GB Memory", "storage": "960GB Storage", "bandwidth": "7.00TB Bandwidth", "price": "$310.00 /mo", "machine_type": "Storage Optimized"}, {"cpu": "8vCPU", "memory": "64GB Memory", "storage": "1280GB Storage", "bandwidth": "8.00TB Bandwidth", "price": "$500.00 /mo", "machine_type": "Storage Optimized"}, {"cpu": "8vCPU", "memory": "64GB Memory", "storage": "1920GB Storage", "bandwidth": "8.00TB Bandwidth", "price": "$620.00 /mo", "machine_type": "Storage Optimized"}, {"cpu": "16vCPU", "memory": "128GB Memory", "storage": "2560GB Storage", "bandwidth": "9.00TB Bandwidth", "price": "$1,000.00 /mo", "machine_type": "Storage Optimized"}, {"cpu": "16vCPU", "memory": "128GB Memory", "storage": "3840GB Storage", "bandwidth": "9.00TB Bandwidth", "price": "$1,240.00 /mo", "machine_type": "Storage Optimized"}, {"cpu": "24vCPU", "memory": "192GB Memory", "storage": "3840GB Storage", "bandwidth": "10.00TB Bandwidth", "price": "$1,500.00 /mo", "machine_type": "Storage Optimized"}, {"cpu": "24vCPU", "memory": "192GB Memory", "storage": "5760GB Storage", "bandwidth": "10.00TB Bandwidth", "price": "$1,850.00 /mo", "machine_type": "Storage Optimized"}, {"cpu": "32vCPU", "memory": "256GB Memory", "storage": "5760GB Storage", "bandwidth": "12.00TB Bandwidth", "price": "$2,000.00 /mo", "machine_type": "Storage Optimized"}, {"cpu": "32vCPU", "memory": "256GB Memory", "storage": "6400GB Storage", "bandwidth": "14.00TB Bandwidth", "price": "$2,480.00 /mo", "machine_type": "Storage Optimized"}]